,training_set_group,training_set,ext_test_set,seed,model,auroc,aupr1,bg_aupr1
0,applm_original,applm_original,algpred2_test,0,alg_mfdl,0.954329234515064,0.955351480954608,0.520416124837451
1,applm_original,applm_original,algpred2_test,0,algpred2,0.863710633837094,0.886135932443122,0.520416124837451
2,applm_original,applm_original,algpred2_test,0,allergenfp,0.545348936160987,0.555534456096381,0.520416124837451
3,applm_original,applm_original,algpred2_test,0,allertop,0.676865742833572,0.692095965514639,0.520416124837451
4,applm_original,applm_original,algpred2_test,0,allertopv2,0.640868692551772,0.664609570899948,0.520416124837451
5,applm_original,applm_original,algpred2_test,0,deepalgpro,0.865152293701306,0.872700957761567,0.520416124837451
6,applm_original,applm_original,algpred2_test,0,plm4alg,0.930475109516825,0.914146114726957,0.520416124837451
7,applm_original,applm_original,algpred2_test,0,rf_esm2,0.962497466017533,0.969525078102405,0.520416124837451
8,applm_original,applm_original,algpred2_test,0,rf_t5,0.961996089807591,0.970476196602925,0.520416124837451
9,applm_original,applm_original,algpred2_test,0,rf_xtrimopglm_100b,0.961861260259241,0.970375279802599,0.520416124837451
10,applm_original,applm_original,algpred2_test,0,rf_xtrimopglm_10b,0.932899466752524,0.947405997897202,0.520416124837451
11,applm_original,applm_original,bydate,0,alg_mfdl,0.950112175102599,0.276616939010147,0.0134952766531714
12,applm_original,applm_original,bydate,0,algpred2,0.917967168262654,0.40053625976028,0.0134952766531714
13,applm_original,applm_original,bydate,0,allergenfp,0.545198358413133,0.015530388726231,0.0134952766531714
14,applm_original,applm_original,bydate,0,allertop,0.826084815321477,0.104638612113551,0.0134952766531714
15,applm_original,applm_original,bydate,0,allertopv2,0.794473324213406,0.0574027578673719,0.0134952766531714
16,applm_original,applm_original,bydate,0,deepalgpro,0.906298221614227,0.187210234693694,0.0134952766531714
17,applm_original,applm_original,bydate,0,plm4alg,0.905296853625171,0.180789431855018,0.0134952766531714
18,applm_original,applm_original,bydate,0,rf_esm2,0.93366073871409,0.524380474693891,0.0134952766531714
19,applm_original,applm_original,bydate,0,rf_t5,0.940807113543092,0.562090965422301,0.0134952766531714
20,applm_original,applm_original,bydate,0,rf_xtrimopglm_100b,0.921045143638851,0.495694704350867,0.0134952766531714
21,applm_original,applm_original,bydate,0,rf_xtrimopglm_10b,0.934112175102599,0.516889010082268,0.0134952766531714
22,applm_original,applm_original,homolog_A_curated,0,alg_mfdl,0.621428571428571,0.462566947961009,0.416666666666667
23,applm_original,applm_original,homolog_A_curated,0,algpred2,0.785714285714286,0.815592045598459,0.416666666666667
24,applm_original,applm_original,homolog_A_curated,0,allergenfp,0.5,0.416666666666667,0.416666666666667
25,applm_original,applm_original,homolog_A_curated,0,allertop,0.607142857142857,0.476190476190476,0.416666666666667
26,applm_original,applm_original,homolog_A_curated,0,allertopv2,0.535714285714286,0.434782608695652,0.416666666666667
27,applm_original,applm_original,homolog_A_curated,0,deepalgpro,0.678571428571429,0.488790840814111,0.416666666666667
28,applm_original,applm_original,homolog_A_curated,0,plm4alg,0.621428571428571,0.465683771260398,0.416666666666667
29,applm_original,applm_original,homolog_A_curated,0,rf_esm2,0.9,0.925113945277263,0.416666666666667
30,applm_original,applm_original,homolog_A_curated,0,rf_t5,0.832142857142857,0.695335284087402,0.416666666666667
31,applm_original,applm_original,homolog_A_curated,0,rf_xtrimopglm_100b,0.85,0.885257440295978,0.416666666666667
32,applm_original,applm_original,homolog_A_curated,0,rf_xtrimopglm_10b,0.778571428571429,0.837637561403702,0.416666666666667
33,applm_original,applm_original,homolog_C_curated,0,alg_mfdl,0.865470852017937,0.148199057465011,0.047008547008547
34,applm_original,applm_original,homolog_C_curated,0,algpred2,0.932735426008969,0.505782400634689,0.047008547008547
35,applm_original,applm_original,homolog_C_curated,0,allergenfp,0.539543416225031,0.0524095460553861,0.047008547008547
36,applm_original,applm_original,homolog_C_curated,0,allertop,0.667549938850387,0.154653549219238,0.047008547008547
37,applm_original,applm_original,homolog_C_curated,0,allertopv2,0.819404810436201,0.165259398285187,0.047008547008547
38,applm_original,applm_original,homolog_C_curated,0,deepalgpro,0.876070118222585,0.194703235721339,0.047008547008547
39,applm_original,applm_original,homolog_C_curated,0,plm4alg,0.7847533632287,0.102803738317757,0.047008547008547
40,applm_original,applm_original,homolog_C_curated,0,rf_esm2,0.946188340807175,0.607371696237572,0.047008547008547
41,applm_original,applm_original,homolog_C_curated,0,rf_t5,0.968202201386058,0.615168756609723,0.047008547008547
42,applm_original,applm_original,homolog_C_curated,0,rf_xtrimopglm_100b,0.961271911944558,0.594932139633517,0.047008547008547
43,applm_original,applm_original,homolog_C_curated,0,rf_xtrimopglm_10b,0.944353852425601,0.549867691738998,0.047008547008547
44,applm_original,applm_original,homolog_S_curated,0,alg_mfdl,0.886915467625899,0.525203909044699,0.0712694877505568
45,applm_original,applm_original,homolog_S_curated,0,algpred2,0.842288669064748,0.463761778652815,0.0712694877505568
46,applm_original,applm_original,homolog_S_curated,0,allergenfp,0.47886690647482,0.0672308936509398,0.0712694877505568
47,applm_original,applm_original,homolog_S_curated,0,allertop,0.74955035971223,0.295017642393773,0.0712694877505568
48,applm_original,applm_original,homolog_S_curated,0,allertopv2,0.692483513189448,0.165358387321107,0.0712694877505568
49,applm_original,applm_original,homolog_S_curated,0,deepalgpro,0.802083333333333,0.150859987721718,0.0712694877505568
50,applm_original,applm_original,homolog_S_curated,0,plm4alg,0.846148081534772,0.213972322203289,0.0712694877505568
51,applm_original,applm_original,homolog_S_curated,0,rf_esm2,0.932141786570743,0.530077323258145,0.0712694877505568
52,applm_original,applm_original,homolog_S_curated,0,rf_t5,0.912507494004796,0.49120085846119,0.0712694877505568
53,applm_original,applm_original,homolog_S_curated,0,rf_xtrimopglm_100b,0.927308153477218,0.582814661509647,0.0712694877505568
54,applm_original,applm_original,homolog_S_curated,0,rf_xtrimopglm_10b,0.923223920863309,0.550518586582265,0.0712694877505568
55,applm_original,applm_original,homolog_T_curated,0,alg_mfdl,0.573244552058111,0.398098607487671,0.32183908045977
56,applm_original,applm_original,homolog_T_curated,0,algpred2,0.691585956416465,0.559000469855195,0.32183908045977
57,applm_original,applm_original,homolog_T_curated,0,allergenfp,0.437348668280872,0.28962014043044,0.32183908045977
58,applm_original,applm_original,homolog_T_curated,0,allertop,0.550847457627119,0.345679012345679,0.32183908045977
59,applm_original,applm_original,homolog_T_curated,0,allertopv2,0.516949152542373,0.329411764705882,0.32183908045977
60,applm_original,applm_original,homolog_T_curated,0,deepalgpro,0.518159806295399,0.297286553352826,0.32183908045977
61,applm_original,applm_original,homolog_T_curated,0,plm4alg,0.648910411622276,0.387963941135442,0.32183908045977
62,applm_original,applm_original,homolog_T_curated,0,rf_esm2,0.721549636803874,0.610711327102715,0.32183908045977
63,applm_original,applm_original,homolog_T_curated,0,rf_t5,0.715193704600484,0.662878650787244,0.32183908045977
64,applm_original,applm_original,homolog_T_curated,0,rf_xtrimopglm_100b,0.899818401937046,0.861718409365026,0.32183908045977
65,applm_original,applm_original,homolog_T_curated,0,rf_xtrimopglm_10b,0.868341404358353,0.813659535699358,0.32183908045977
66,applm_original,applm_original,mutations,0,alg_mfdl,0.55708245243129,0.366234954390294,0.338461538461538
67,applm_original,applm_original,mutations,0,algpred2,0.587737843551797,0.47053225850346,0.338461538461538
68,applm_original,applm_original,mutations,0,allergenfp,0.467758985200846,0.322903555393005,0.338461538461538
69,applm_original,applm_original,mutations,0,allertop,0.534355179704017,0.358021879989068,0.338461538461538
70,applm_original,applm_original,mutations,0,allertopv2,0.500528541226216,0.338703949076306,0.338461538461538
71,applm_original,applm_original,mutations,0,deepalgpro,0.635306553911205,0.404689547187701,0.338461538461538
72,applm_original,applm_original,mutations,0,plm4alg,0.626321353065539,0.423652281838313,0.338461538461538
73,applm_original,applm_original,mutations,0,rf_esm2,0.694503171247357,0.572197741309825,0.338461538461538
74,applm_original,applm_original,mutations,0,rf_t5,0.709302325581395,0.551171516909982,0.338461538461538
75,applm_original,applm_original,mutations,0,rf_xtrimopglm_100b,0.714587737843552,0.557429322547187,0.338461538461538
76,applm_original,applm_original,mutations,0,rf_xtrimopglm_10b,0.75,0.628906147462593,0.338461538461538
77,applm_original,applm_original,same_fold,0,alg_mfdl,0.698835568101623,0.69589850174192,0.511737089201878
78,applm_original,applm_original,same_fold,0,algpred2,0.671599329569513,0.662607207625764,0.511737089201878
79,applm_original,applm_original,same_fold,0,allergenfp,0.524369266055046,0.529601079503954,0.511737089201878
80,applm_original,applm_original,same_fold,0,allertop,0.612561750176429,0.595627301432809,0.511737089201878
81,applm_original,applm_original,same_fold,0,allertopv2,0.592845800988003,0.578141572011712,0.511737089201878
82,applm_original,applm_original,same_fold,0,deepalgpro,0.687235356386732,0.650312488076784,0.511737089201878
83,applm_original,applm_original,same_fold,0,plm4alg,0.647329304869443,0.675363095289504,0.511737089201878
84,applm_original,applm_original,same_fold,0,rf_esm2,0.69932074805928,0.684707157379865,0.511737089201878
85,applm_original,applm_original,same_fold,0,rf_t5,0.708109121383204,0.711563523696269,0.511737089201878
86,applm_original,applm_original,same_fold,0,rf_xtrimopglm_100b,0.740153052223006,0.738035902200243,0.511737089201878
87,applm_original,applm_original,same_fold,0,rf_xtrimopglm_10b,0.728354357798165,0.705914138523368,0.511737089201878
88,clean_negatives,clean_negatives,algpred2_test,0,alg_mfdl,0.816911771879787,0.837759244397106,0.520416124837451
89,clean_negatives,clean_negatives,algpred2_test,0,algpred2,0.776155712816043,0.803290139526238,0.520416124837451
90,clean_negatives,clean_negatives,algpred2_test,0,allergenfp,0.51171458739177,0.532480480039405,0.520416124837451
91,clean_negatives,clean_negatives,algpred2_test,0,allertop,0.534509046994941,0.537043428854051,0.520416124837451
92,clean_negatives,clean_negatives,algpred2_test,0,allertopv2,0.643025829818279,0.648388008718971,0.520416124837451
93,clean_negatives,clean_negatives,algpred2_test,0,deepalgpro,0.749632369281737,0.675002812041406,0.520416124837451
94,clean_negatives,clean_negatives,algpred2_test,0,plm4alg,0.728687852386171,0.720123483179927,0.520416124837451
95,clean_negatives,clean_negatives,algpred2_test,0,rf_esm2,0.893764885453152,0.924854380959593,0.520416124837451
96,clean_negatives,clean_negatives,algpred2_test,0,rf_t5,0.825735180132277,0.881837168650002,0.520416124837451
97,clean_negatives,clean_negatives,algpred2_test,0,rf_xtrimopglm_100b,0.6949896797805,0.748107265805572,0.520416124837451
98,clean_negatives,clean_negatives,algpred2_test,0,rf_xtrimopglm_10b,0.67102186433898,0.725264839301066,0.520416124837451
99,clean_negatives,clean_negatives,bydate,0,alg_mfdl,0.723222982216142,0.0936754170374685,0.0134952766531714
100,clean_negatives,clean_negatives,bydate,0,algpred2,0.706284541723666,0.2744355209756,0.0134952766531714
101,clean_negatives,clean_negatives,bydate,0,allergenfp,0.541367989056088,0.0160569434745338,0.0134952766531714
102,clean_negatives,clean_negatives,bydate,0,allertop,0.583493844049248,0.0191209369674823,0.0134952766531714
103,clean_negatives,clean_negatives,bydate,0,allertopv2,0.600752393980848,0.019324974198613,0.0134952766531714
104,clean_negatives,clean_negatives,bydate,0,deepalgpro,0.74833926128591,0.0288534368906332,0.0134952766531714
105,clean_negatives,clean_negatives,bydate,0,plm4alg,0.706812585499316,0.0543014654885939,0.0134952766531714
106,clean_negatives,clean_negatives,bydate,0,rf_esm2,0.735362517099863,0.359799866887665,0.0134952766531714
107,clean_negatives,clean_negatives,bydate,0,rf_t5,0.663775649794802,0.27380865450943,0.0134952766531714
108,clean_negatives,clean_negatives,bydate,0,rf_xtrimopglm_100b,0.667956224350205,0.271802434328751,0.0134952766531714
109,clean_negatives,clean_negatives,bydate,0,rf_xtrimopglm_10b,0.634196990424077,0.187137116323779,0.0134952766531714
110,clean_negatives,clean_negatives,homolog_A_curated,0,alg_mfdl,0.242857142857143,0.287433278583514,0.416666666666667
111,clean_negatives,clean_negatives,homolog_A_curated,0,algpred2,0.464285714285714,0.36195321642692,0.416666666666667
112,clean_negatives,clean_negatives,homolog_A_curated,0,allergenfp,0.635714285714286,0.516504820649565,0.416666666666667
113,clean_negatives,clean_negatives,homolog_A_curated,0,allertop,0.607142857142857,0.476190476190476,0.416666666666667
114,clean_negatives,clean_negatives,homolog_A_curated,0,allertopv2,0.628571428571429,0.495434873911845,0.416666666666667
115,clean_negatives,clean_negatives,homolog_A_curated,0,deepalgpro,0.592857142857143,0.423550437165674,0.416666666666667
116,clean_negatives,clean_negatives,homolog_A_curated,0,plm4alg,0.178571428571429,0.355197600856832,0.416666666666667
117,clean_negatives,clean_negatives,homolog_A_curated,0,rf_esm2,0.2,0.27863359065987,0.416666666666667
118,clean_negatives,clean_negatives,homolog_A_curated,0,rf_t5,0.1,0.258537658058728,0.416666666666667
119,clean_negatives,clean_negatives,homolog_A_curated,0,rf_xtrimopglm_100b,0.246428571428571,0.289071810129022,0.416666666666667
120,clean_negatives,clean_negatives,homolog_A_curated,0,rf_xtrimopglm_10b,0.285714285714286,0.300356652492609,0.416666666666667
121,clean_negatives,clean_negatives,homolog_C_curated,0,alg_mfdl,0.860986547085202,0.400870011056774,0.047008547008547
122,clean_negatives,clean_negatives,homolog_C_curated,0,algpred2,0.933550754178557,0.532631093335771,0.047008547008547
123,clean_negatives,clean_negatives,homolog_C_curated,0,allergenfp,0.375050958010599,0.0339550034555606,0.047008547008547
124,clean_negatives,clean_negatives,homolog_C_curated,0,allertop,0.523236852833265,0.0562020118778044,0.047008547008547
125,clean_negatives,clean_negatives,homolog_C_curated,0,allertopv2,0.543416225030575,0.0537063789431477,0.047008547008547
126,clean_negatives,clean_negatives,homolog_C_curated,0,deepalgpro,0.713412148389727,0.0750825766534226,0.047008547008547
127,clean_negatives,clean_negatives,homolog_C_curated,0,plm4alg,0.568895230330208,0.138595989164727,0.047008547008547
128,clean_negatives,clean_negatives,homolog_C_curated,0,rf_esm2,0.915002038320424,0.313293753893744,0.047008547008547
129,clean_negatives,clean_negatives,homolog_C_curated,0,rf_t5,0.894618834080718,0.40128303804099,0.047008547008547
130,clean_negatives,clean_negatives,homolog_C_curated,0,rf_xtrimopglm_100b,0.839380350591113,0.223636431140442,0.047008547008547
131,clean_negatives,clean_negatives,homolog_C_curated,0,rf_xtrimopglm_10b,0.824092947411333,0.377928103096316,0.047008547008547
132,clean_negatives,clean_negatives,homolog_S_curated,0,alg_mfdl,0.818120503597122,0.217099818718252,0.0712694877505568
133,clean_negatives,clean_negatives,homolog_S_curated,0,algpred2,0.802795263788969,0.170301027942199,0.0712694877505568
134,clean_negatives,clean_negatives,homolog_S_curated,0,allergenfp,0.394671762589928,0.0539779258023262,0.0712694877505568
135,clean_negatives,clean_negatives,homolog_S_curated,0,allertop,0.37177757793765,0.0514041415171101,0.0712694877505568
136,clean_negatives,clean_negatives,homolog_S_curated,0,allertopv2,0.476506294964029,0.066943818015469,0.0712694877505568
137,clean_negatives,clean_negatives,homolog_S_curated,0,deepalgpro,0.686001199040767,0.0986183662008367,0.0712694877505568
138,clean_negatives,clean_negatives,homolog_S_curated,0,plm4alg,0.841726618705036,0.234979616547128,0.0712694877505568
139,clean_negatives,clean_negatives,homolog_S_curated,0,rf_esm2,0.787282673860911,0.396091190609025,0.0712694877505568
140,clean_negatives,clean_negatives,homolog_S_curated,0,rf_t5,0.79091726618705,0.25026181167599,0.0712694877505568
141,clean_negatives,clean_negatives,homolog_S_curated,0,rf_xtrimopglm_100b,0.796537769784173,0.368103783279208,0.0712694877505568
142,clean_negatives,clean_negatives,homolog_S_curated,0,rf_xtrimopglm_10b,0.749512889688249,0.279535861191535,0.0712694877505568
143,clean_negatives,clean_negatives,homolog_T_curated,0,alg_mfdl,0.662227602905569,0.384229994347464,0.32183908045977
144,clean_negatives,clean_negatives,homolog_T_curated,0,algpred2,0.868946731234867,0.758571335939396,0.32183908045977
145,clean_negatives,clean_negatives,homolog_T_curated,0,allergenfp,0.481537530266344,0.311975124341808,0.32183908045977
146,clean_negatives,clean_negatives,homolog_T_curated,0,allertop,0.525423728813559,0.333333333333333,0.32183908045977
147,clean_negatives,clean_negatives,homolog_T_curated,0,allertopv2,0.516949152542373,0.329411764705882,0.32183908045977
148,clean_negatives,clean_negatives,homolog_T_curated,0,deepalgpro,0.742130750605327,0.47216410662406,0.32183908045977
149,clean_negatives,clean_negatives,homolog_T_curated,0,plm4alg,0.625302663438257,0.364263585799876,0.32183908045977
150,clean_negatives,clean_negatives,homolog_T_curated,0,rf_esm2,0.76089588377724,0.675534306384697,0.32183908045977
151,clean_negatives,clean_negatives,homolog_T_curated,0,rf_t5,0.784503631961259,0.572985080158175,0.32183908045977
152,clean_negatives,clean_negatives,homolog_T_curated,0,rf_xtrimopglm_100b,0.771186440677966,0.651681200416287,0.32183908045977
153,clean_negatives,clean_negatives,homolog_T_curated,0,rf_xtrimopglm_10b,0.664043583535109,0.481565004663354,0.32183908045977
154,clean_negatives,clean_negatives,mutations,0,alg_mfdl,0.559196617336152,0.377491581467488,0.338461538461538
155,clean_negatives,clean_negatives,mutations,0,algpred2,0.566596194503171,0.433512068348978,0.338461538461538
156,clean_negatives,clean_negatives,mutations,0,allergenfp,0.489957716701903,0.333698282113531,0.338461538461538
157,clean_negatives,clean_negatives,mutations,0,allertop,0.525898520084567,0.357941750192871,0.338461538461538
158,clean_negatives,clean_negatives,mutations,0,allertopv2,0.431818181818182,0.308668481663084,0.338461538461538
159,clean_negatives,clean_negatives,mutations,0,deepalgpro,0.530655391120507,0.380203766792984,0.338461538461538
160,clean_negatives,clean_negatives,mutations,0,plm4alg,0.605708245243129,0.422683709930469,0.338461538461538
161,clean_negatives,clean_negatives,mutations,0,rf_esm2,0.711945031712474,0.557275075216763,0.338461538461538
162,clean_negatives,clean_negatives,mutations,0,rf_t5,0.72093023255814,0.559282111055889,0.338461538461538
163,clean_negatives,clean_negatives,mutations,0,rf_xtrimopglm_100b,0.70877378435518,0.528527062129565,0.338461538461538
164,clean_negatives,clean_negatives,mutations,0,rf_xtrimopglm_10b,0.718816067653277,0.600622480631016,0.338461538461538
165,clean_negatives,clean_negatives,same_fold,0,alg_mfdl,0.731232357092449,0.761956690815932,0.511737089201878
166,clean_negatives,clean_negatives,same_fold,0,algpred2,0.6452672900494,0.635401356330917,0.511737089201878
167,clean_negatives,clean_negatives,same_fold,0,allergenfp,0.554097565278758,0.555506032317068,0.511737089201878
168,clean_negatives,clean_negatives,same_fold,0,allertop,0.504741531404375,0.52317766078302,0.511737089201878
169,clean_negatives,clean_negatives,same_fold,0,allertopv2,0.567197424135497,0.56420046613652,0.511737089201878
170,clean_negatives,clean_negatives,same_fold,0,deepalgpro,0.696189131968948,0.655738863839586,0.511737089201878
171,clean_negatives,clean_negatives,same_fold,0,plm4alg,0.564043754410727,0.588282732681918,0.511737089201878
172,clean_negatives,clean_negatives,same_fold,0,rf_esm2,0.680784668313338,0.682633461231551,0.511737089201878
173,clean_negatives,clean_negatives,same_fold,0,rf_t5,0.718187632321807,0.725612018998379,0.511737089201878
174,clean_negatives,clean_negatives,same_fold,0,rf_xtrimopglm_100b,0.763188073394495,0.784619395495923,0.511737089201878
175,clean_negatives,clean_negatives,same_fold,0,rf_xtrimopglm_10b,0.728707215949188,0.737154569450383,0.511737089201878
176,random_negatives,random_negatives_0,algpred2_test,0,alg_mfdl,0.92690124568952,0.936526592084251,0.520416124837451
177,random_negatives,random_negatives_0,algpred2_test,0,algpred2,0.815496400389827,0.838547271939976,0.520416124837451
178,random_negatives,random_negatives_0,algpred2_test,0,allergenfp,0.536890719499252,0.549681030572331,0.520416124837451
179,random_negatives,random_negatives_0,algpred2_test,0,allertop,0.609988525260147,0.622359279467394,0.520416124837451
180,random_negatives,random_negatives_0,algpred2_test,0,allertopv2,0.63004980698371,0.657367529412093,0.520416124837451
181,random_negatives,random_negatives_0,algpred2_test,0,deepalgpro,0.788546074034566,0.738748849991899,0.520416124837451
182,random_negatives,random_negatives_0,algpred2_test,0,plm4alg,0.854637892550471,0.86494136685467,0.520416124837451
183,random_negatives,random_negatives_0,algpred2_test,0,rf_esm2,0.933457620430566,0.947382717319234,0.520416124837451
184,random_negatives,random_negatives_0,algpred2_test,0,rf_t5,0.939950984377659,0.95331112609906,0.520416124837451
185,random_negatives,random_negatives_0,algpred2_test,0,rf_xtrimopglm_100b,0.92453908620527,0.939494585261972,0.520416124837451
186,random_negatives,random_negatives_0,algpred2_test,0,rf_xtrimopglm_10b,0.86825323780626,0.89405324248332,0.520416124837451
187,random_negatives,random_negatives_0,bydate,0,alg_mfdl,0.918730506155951,0.222708585832219,0.0134952766531714
188,random_negatives,random_negatives_0,bydate,0,algpred2,0.900046511627907,0.316691670401418,0.0134952766531714
189,random_negatives,random_negatives_0,bydate,0,allergenfp,0.568317373461012,0.0169264963351089,0.0134952766531714
190,random_negatives,random_negatives_0,bydate,0,allertop,0.717781121751026,0.0456127072949417,0.0134952766531714
191,random_negatives,random_negatives_0,bydate,0,allertopv2,0.686128590971272,0.033783469155325,0.0134952766531714
192,random_negatives,random_negatives_0,bydate,0,deepalgpro,0.874823529411765,0.0727614716274416,0.0134952766531714
193,random_negatives,random_negatives_0,bydate,0,plm4alg,0.904057455540356,0.137314646904307,0.0134952766531714
194,random_negatives,random_negatives_0,bydate,0,rf_esm2,0.924331053351573,0.443364122761223,0.0134952766531714
195,random_negatives,random_negatives_0,bydate,0,rf_t5,0.924383036935704,0.50218489848379,0.0134952766531714
196,random_negatives,random_negatives_0,bydate,0,rf_xtrimopglm_100b,0.892607387140903,0.472655133002772,0.0134952766531714
197,random_negatives,random_negatives_0,bydate,0,rf_xtrimopglm_10b,0.927720930232558,0.452121207176135,0.0134952766531714
198,random_negatives,random_negatives_0,homolog_A_curated,0,alg_mfdl,0.2,0.277411690695158,0.416666666666667
199,random_negatives,random_negatives_0,homolog_A_curated,0,algpred2,0.153571428571429,0.271943095986935,0.416666666666667
200,random_negatives,random_negatives_0,homolog_A_curated,0,allergenfp,0.578571428571429,0.46457871353496,0.416666666666667
201,random_negatives,random_negatives_0,homolog_A_curated,0,allertop,0.357142857142857,0.320824053077195,0.416666666666667
202,random_negatives,random_negatives_0,homolog_A_curated,0,allertopv2,0.571428571428571,0.454545454545455,0.416666666666667
203,random_negatives,random_negatives_0,homolog_A_curated,0,deepalgpro,0.628571428571429,0.451101860195676,0.416666666666667
204,random_negatives,random_negatives_0,homolog_A_curated,0,plm4alg,0.307142857142857,0.329432507096607,0.416666666666667
205,random_negatives,random_negatives_0,homolog_A_curated,0,rf_esm2,0.207142857142857,0.27875509995676,0.416666666666667
206,random_negatives,random_negatives_0,homolog_A_curated,0,rf_t5,0.292857142857143,0.307338535152336,0.416666666666667
207,random_negatives,random_negatives_0,homolog_A_curated,0,rf_xtrimopglm_100b,0.171428571428571,0.272857679533139,0.416666666666667
208,random_negatives,random_negatives_0,homolog_A_curated,0,rf_xtrimopglm_10b,0.253571428571429,0.295609331232074,0.416666666666667
209,random_negatives,random_negatives_0,homolog_C_curated,0,alg_mfdl,0.893599673868732,0.170980227823996,0.047008547008547
210,random_negatives,random_negatives_0,homolog_C_curated,0,algpred2,0.920913167549939,0.391433785732572,0.047008547008547
211,random_negatives,random_negatives_0,homolog_C_curated,0,allergenfp,0.453118630248675,0.0414491219236512,0.047008547008547
212,random_negatives,random_negatives_0,homolog_C_curated,0,allertop,0.391153689359967,0.034821108021653,0.047008547008547
213,random_negatives,random_negatives_0,homolog_C_curated,0,allertopv2,0.648797390949857,0.0923765313583892,0.047008547008547
214,random_negatives,random_negatives_0,homolog_C_curated,0,deepalgpro,0.831634732980024,0.116280816466049,0.047008547008547
215,random_negatives,random_negatives_0,homolog_C_curated,0,plm4alg,0.838972686506319,0.140357255558576,0.047008547008547
216,random_negatives,random_negatives_0,homolog_C_curated,0,rf_esm2,0.888503872808805,0.272756379957292,0.047008547008547
217,random_negatives,random_negatives_0,homolog_C_curated,0,rf_t5,0.90766408479413,0.291219493249899,0.047008547008547
218,random_negatives,random_negatives_0,homolog_C_curated,0,rf_xtrimopglm_100b,0.912556053811659,0.22475610652599,0.047008547008547
219,random_negatives,random_negatives_0,homolog_C_curated,0,rf_xtrimopglm_10b,0.870770485120261,0.26362222128158,0.047008547008547
220,random_negatives,random_negatives_0,homolog_S_curated,0,alg_mfdl,0.89845623501199,0.403985826797819,0.0712694877505568
221,random_negatives,random_negatives_0,homolog_S_curated,0,algpred2,0.76423860911271,0.260355605556823,0.0712694877505568
222,random_negatives,random_negatives_0,homolog_S_curated,0,allergenfp,0.577413069544364,0.0888752660471621,0.0712694877505568
223,random_negatives,random_negatives_0,homolog_S_curated,0,allertop,0.503747002398082,0.0655477868093565,0.0712694877505568
224,random_negatives,random_negatives_0,homolog_S_curated,0,allertopv2,0.556729616306954,0.0890187484328088,0.0712694877505568
225,random_negatives,random_negatives_0,homolog_S_curated,0,deepalgpro,0.733513189448441,0.116662678454231,0.0712694877505568
226,random_negatives,random_negatives_0,homolog_S_curated,0,plm4alg,0.853005095923261,0.230008795494714,0.0712694877505568
227,random_negatives,random_negatives_0,homolog_S_curated,0,rf_esm2,0.867243705035971,0.413552383860081,0.0712694877505568
228,random_negatives,random_negatives_0,homolog_S_curated,0,rf_t5,0.90808603117506,0.44573952247477,0.0712694877505568
229,random_negatives,random_negatives_0,homolog_S_curated,0,rf_xtrimopglm_100b,0.928881894484412,0.558762447929337,0.0712694877505568
230,random_negatives,random_negatives_0,homolog_S_curated,0,rf_xtrimopglm_10b,0.906474820143885,0.425884656335356,0.0712694877505568
231,random_negatives,random_negatives_0,homolog_T_curated,0,alg_mfdl,0.575665859564165,0.336621897612994,0.32183908045977
232,random_negatives,random_negatives_0,homolog_T_curated,0,algpred2,0.757869249394673,0.536503459766483,0.32183908045977
233,random_negatives,random_negatives_0,homolog_T_curated,0,allergenfp,0.36319612590799,0.251517460177785,0.32183908045977
234,random_negatives,random_negatives_0,homolog_T_curated,0,allertop,0.525423728813559,0.333333333333333,0.32183908045977
235,random_negatives,random_negatives_0,homolog_T_curated,0,allertopv2,0.5,0.32183908045977,0.32183908045977
236,random_negatives,random_negatives_0,homolog_T_curated,0,deepalgpro,0.457627118644068,0.27699751611883,0.32183908045977
237,random_negatives,random_negatives_0,homolog_T_curated,0,plm4alg,0.508474576271186,0.325581395348837,0.32183908045977
238,random_negatives,random_negatives_0,homolog_T_curated,0,rf_esm2,0.694007263922518,0.5256661360576,0.32183908045977
239,random_negatives,random_negatives_0,homolog_T_curated,0,rf_t5,0.848365617433414,0.779251437957914,0.32183908045977
240,random_negatives,random_negatives_0,homolog_T_curated,0,rf_xtrimopglm_100b,0.871670702179177,0.802544031125549,0.32183908045977
241,random_negatives,random_negatives_0,homolog_T_curated,0,rf_xtrimopglm_10b,0.770883777239709,0.600516526962954,0.32183908045977
242,random_negatives,random_negatives_0,mutations,0,alg_mfdl,0.53276955602537,0.347611160512533,0.338461538461538
243,random_negatives,random_negatives_0,mutations,0,algpred2,0.523784355179704,0.38052161288933,0.338461538461538
244,random_negatives,random_negatives_0,mutations,0,allergenfp,0.455602536997886,0.317940750704322,0.338461538461538
245,random_negatives,random_negatives_0,mutations,0,allertop,0.612050739957717,0.401546921524016,0.338461538461538
246,random_negatives,random_negatives_0,mutations,0,allertopv2,0.511627906976744,0.34375,0.338461538461538
247,random_negatives,random_negatives_0,mutations,0,deepalgpro,0.381606765327696,0.291498611103519,0.338461538461538
248,random_negatives,random_negatives_0,mutations,0,plm4alg,0.488372093023256,0.33333132070596,0.338461538461538
249,random_negatives,random_negatives_0,mutations,0,rf_esm2,0.670190274841438,0.504788914809942,0.338461538461538
250,random_negatives,random_negatives_0,mutations,0,rf_t5,0.68816067653277,0.539943302628418,0.338461538461538
251,random_negatives,random_negatives_0,mutations,0,rf_xtrimopglm_100b,0.697145877378436,0.530277047658591,0.338461538461538
252,random_negatives,random_negatives_0,mutations,0,rf_xtrimopglm_10b,0.714587737843552,0.592369856767275,0.338461538461538
253,random_negatives,random_negatives_0,same_fold,0,alg_mfdl,0.637857268877911,0.611575148542199,0.511737089201878
254,random_negatives,random_negatives_0,same_fold,0,algpred2,0.624889731827805,0.636093534095986,0.511737089201878
255,random_negatives,random_negatives_0,same_fold,0,allergenfp,0.521303810868031,0.526865213081192,0.511737089201878
256,random_negatives,random_negatives_0,same_fold,0,allertop,0.507310779816514,0.525892629323714,0.511737089201878
257,random_negatives,random_negatives_0,same_fold,0,allertopv2,0.542298870853917,0.545469708094604,0.511737089201878
258,random_negatives,random_negatives_0,same_fold,0,deepalgpro,0.590309633027523,0.544870864807163,0.511737089201878
259,random_negatives,random_negatives_0,same_fold,0,plm4alg,0.626742237120677,0.589605385884552,0.511737089201878
260,random_negatives,random_negatives_0,same_fold,0,rf_esm2,0.631913814396613,0.612884690458068,0.511737089201878
261,random_negatives,random_negatives_0,same_fold,0,rf_t5,0.630546489061397,0.614036548326993,0.511737089201878
262,random_negatives,random_negatives_0,same_fold,0,rf_xtrimopglm_100b,0.68075158786168,0.660646554077336,0.511737089201878
263,random_negatives,random_negatives_0,same_fold,0,rf_xtrimopglm_10b,0.662491178546224,0.632396635572854,0.511737089201878
264,random_negatives,random_negatives_1,algpred2_test,0,alg_mfdl,0.938177332158216,0.944868271970603,0.520416124837451
265,random_negatives,random_negatives_1,algpred2_test,0,algpred2,0.853969165092074,0.864758051153876,0.520416124837451
266,random_negatives,random_negatives_1,algpred2_test,0,allergenfp,0.520766054066242,0.537245321082941,0.520416124837451
267,random_negatives,random_negatives_1,algpred2_test,0,allertop,0.564461261776921,0.576699133454578,0.520416124837451
268,random_negatives,random_negatives_1,algpred2_test,0,allertopv2,0.650458664377139,0.659103990393361,0.520416124837451
269,random_negatives,random_negatives_1,algpred2_test,0,deepalgpro,0.819818940854952,0.762884112316653,0.520416124837451
270,random_negatives,random_negatives_1,algpred2_test,0,plm4alg,0.809527042335665,0.84153219589305,0.520416124837451
271,random_negatives,random_negatives_1,algpred2_test,0,rf_esm2,0.944697255493728,0.954284487099227,0.520416124837451
272,random_negatives,random_negatives_1,algpred2_test,0,rf_t5,0.952426037523538,0.961306538827858,0.520416124837451
273,random_negatives,random_negatives_1,algpred2_test,0,rf_xtrimopglm_100b,0.905674603045549,0.911154985998933,0.520416124837451
274,random_negatives,random_negatives_1,algpred2_test,0,rf_xtrimopglm_10b,0.924142863492332,0.934917356640706,0.520416124837451
275,random_negatives,random_negatives_1,bydate,0,alg_mfdl,0.920448700410397,0.289135357203816,0.0134952766531714
276,random_negatives,random_negatives_1,bydate,0,algpred2,0.881794801641587,0.3381154945334,0.0134952766531714
277,random_negatives,random_negatives_1,bydate,0,allergenfp,0.559712722298222,0.0175859005244985,0.0134952766531714
278,random_negatives,random_negatives_1,bydate,0,allertop,0.703753761969904,0.0498095770705954,0.0134952766531714
279,random_negatives,random_negatives_1,bydate,0,allertopv2,0.628796169630643,0.0224249853158153,0.0134952766531714
280,random_negatives,random_negatives_1,bydate,0,deepalgpro,0.862205198358413,0.0695069899860574,0.0134952766531714
281,random_negatives,random_negatives_1,bydate,0,plm4alg,0.848530779753762,0.252535680042549,0.0134952766531714
282,random_negatives,random_negatives_1,bydate,0,rf_esm2,0.907647058823529,0.473344033753219,0.0134952766531714
283,random_negatives,random_negatives_1,bydate,0,rf_t5,0.907879616963064,0.506932374373681,0.0134952766531714
284,random_negatives,random_negatives_1,bydate,0,rf_xtrimopglm_100b,0.854976744186047,0.413262427294932,0.0134952766531714
285,random_negatives,random_negatives_1,bydate,0,rf_xtrimopglm_10b,0.914123119015048,0.465202852822704,0.0134952766531714
286,random_negatives,random_negatives_1,homolog_A_curated,0,alg_mfdl,0.0785714285714286,0.257123364259118,0.416666666666667
287,random_negatives,random_negatives_1,homolog_A_curated,0,algpred2,0.235714285714286,0.288946194497489,0.416666666666667
288,random_negatives,random_negatives_1,homolog_A_curated,0,allergenfp,0.485714285714286,0.406422831787503,0.416666666666667
289,random_negatives,random_negatives_1,homolog_A_curated,0,allertop,0.535714285714286,0.406098810581444,0.416666666666667
290,random_negatives,random_negatives_1,homolog_A_curated,0,allertopv2,0.535714285714286,0.434782608695652,0.416666666666667
291,random_negatives,random_negatives_1,homolog_A_curated,0,deepalgpro,0.685714285714286,0.480727166174086,0.416666666666667
292,random_negatives,random_negatives_1,homolog_A_curated,0,plm4alg,0.807142857142857,0.798651861012547,0.416666666666667
293,random_negatives,random_negatives_1,homolog_A_curated,0,rf_esm2,0.235714285714286,0.285529920712221,0.416666666666667
294,random_negatives,random_negatives_1,homolog_A_curated,0,rf_t5,0.185714285714286,0.276098898230275,0.416666666666667
295,random_negatives,random_negatives_1,homolog_A_curated,0,rf_xtrimopglm_100b,0.275,0.295200606568425,0.416666666666667
296,random_negatives,random_negatives_1,homolog_A_curated,0,rf_xtrimopglm_10b,0.257142857142857,0.296692966797542,0.416666666666667
297,random_negatives,random_negatives_1,homolog_C_curated,0,alg_mfdl,0.920097839380351,0.240129209006881,0.047008547008547
298,random_negatives,random_negatives_1,homolog_C_curated,0,algpred2,0.900122299225438,0.393730082499917,0.047008547008547
299,random_negatives,random_negatives_1,homolog_C_curated,0,allergenfp,0.47778230737872,0.0441218514718701,0.047008547008547
300,random_negatives,random_negatives_1,homolog_C_curated,0,allertop,0.346310640032613,0.0333667024313892,0.047008547008547
301,random_negatives,random_negatives_1,homolog_C_curated,0,allertopv2,0.576029351814105,0.0577624702922885,0.047008547008547
302,random_negatives,random_negatives_1,homolog_C_curated,0,deepalgpro,0.821850794944965,0.113674410377959,0.047008547008547
303,random_negatives,random_negatives_1,homolog_C_curated,0,plm4alg,0.841011006930289,0.136703084207267,0.047008547008547
304,random_negatives,random_negatives_1,homolog_C_curated,0,rf_esm2,0.906644924582144,0.285506125444792,0.047008547008547
305,random_negatives,random_negatives_1,homolog_C_curated,0,rf_t5,0.902160619649409,0.401900317487137,0.047008547008547
306,random_negatives,random_negatives_1,homolog_C_curated,0,rf_xtrimopglm_100b,0.902975947818997,0.195873723473298,0.047008547008547
307,random_negatives,random_negatives_1,homolog_C_curated,0,rf_xtrimopglm_10b,0.879127598858541,0.243442678868972,0.047008547008547
308,random_negatives,random_negatives_1,homolog_S_curated,0,alg_mfdl,0.896432853717026,0.286457469251488,0.0712694877505568
309,random_negatives,random_negatives_1,homolog_S_curated,0,algpred2,0.819094724220623,0.274168729693214,0.0712694877505568
310,random_negatives,random_negatives_1,homolog_S_curated,0,allergenfp,0.437987110311751,0.0602352336904946,0.0712694877505568
311,random_negatives,random_negatives_1,homolog_S_curated,0,allertop,0.539193645083933,0.0760138433032875,0.0712694877505568
312,random_negatives,random_negatives_1,homolog_S_curated,0,allertopv2,0.605065947242206,0.0958919588977008,0.0712694877505568
313,random_negatives,random_negatives_1,homolog_S_curated,0,deepalgpro,0.721447841726619,0.112679649419797,0.0712694877505568
314,random_negatives,random_negatives_1,homolog_S_curated,0,plm4alg,0.891786570743405,0.281493108693031,0.0712694877505568
315,random_negatives,random_negatives_1,homolog_S_curated,0,rf_esm2,0.852143285371703,0.374210632387617,0.0712694877505568
316,random_negatives,random_negatives_1,homolog_S_curated,0,rf_t5,0.878859412470024,0.347036907404328,0.0712694877505568
317,random_negatives,random_negatives_1,homolog_S_curated,0,rf_xtrimopglm_100b,0.908235911270983,0.502443521580306,0.0712694877505568
318,random_negatives,random_negatives_1,homolog_S_curated,0,rf_xtrimopglm_10b,0.93199190647482,0.492192367970621,0.0712694877505568
319,random_negatives,random_negatives_1,homolog_T_curated,0,alg_mfdl,0.553268765133172,0.330729392935348,0.32183908045977
320,random_negatives,random_negatives_1,homolog_T_curated,0,algpred2,0.759382566585956,0.596504078184121,0.32183908045977
321,random_negatives,random_negatives_1,homolog_T_curated,0,allergenfp,0.562348668280872,0.356006681619104,0.32183908045977
322,random_negatives,random_negatives_1,homolog_T_curated,0,allertop,0.550847457627119,0.345679012345679,0.32183908045977
323,random_negatives,random_negatives_1,homolog_T_curated,0,allertopv2,0.5,0.32183908045977,0.32183908045977
324,random_negatives,random_negatives_1,homolog_T_curated,0,deepalgpro,0.542978208232446,0.337877700267665,0.32183908045977
325,random_negatives,random_negatives_1,homolog_T_curated,0,plm4alg,0.544794188861985,0.310888132539676,0.32183908045977
326,random_negatives,random_negatives_1,homolog_T_curated,0,rf_esm2,0.75817191283293,0.692465276737956,0.32183908045977
327,random_negatives,random_negatives_1,homolog_T_curated,0,rf_t5,0.828995157384988,0.747854677723951,0.32183908045977
328,random_negatives,random_negatives_1,homolog_T_curated,0,rf_xtrimopglm_100b,0.895581113801453,0.822080986968749,0.32183908045977
329,random_negatives,random_negatives_1,homolog_T_curated,0,rf_xtrimopglm_10b,0.807808716707022,0.705650576892108,0.32183908045977
330,random_negatives,random_negatives_1,mutations,0,alg_mfdl,0.544397463002114,0.332767733381377,0.338461538461538
331,random_negatives,random_negatives_1,mutations,0,algpred2,0.551797040169133,0.414267266244109,0.338461538461538
332,random_negatives,random_negatives_1,mutations,0,allergenfp,0.595665961945032,0.396137934716696,0.338461538461538
333,random_negatives,random_negatives_1,mutations,0,allertop,0.567124735729387,0.37772283498885,0.338461538461538
334,random_negatives,random_negatives_1,mutations,0,allertopv2,0.477272727272727,0.328361135406977,0.338461538461538
335,random_negatives,random_negatives_1,mutations,0,deepalgpro,0.372093023255814,0.268983660793181,0.338461538461538
336,random_negatives,random_negatives_1,mutations,0,plm4alg,0.743128964059197,0.604422180101678,0.338461538461538
337,random_negatives,random_negatives_1,mutations,0,rf_esm2,0.678118393234672,0.542597581401228,0.338461538461538
338,random_negatives,random_negatives_1,mutations,0,rf_t5,0.669133192389006,0.502852677165354,0.338461538461538
339,random_negatives,random_negatives_1,mutations,0,rf_xtrimopglm_100b,0.695031712473573,0.550898340859228,0.338461538461538
340,random_negatives,random_negatives_1,mutations,0,rf_xtrimopglm_10b,0.717758985200846,0.60717697725145,0.338461538461538
341,random_negatives,random_negatives_1,same_fold,0,alg_mfdl,0.693167784050812,0.692432514679904,0.511737089201878
342,random_negatives,random_negatives_1,same_fold,0,algpred2,0.638893789696542,0.636249543142126,0.511737089201878
343,random_negatives,random_negatives_1,same_fold,0,allergenfp,0.491840155257586,0.505193633677208,0.511737089201878
344,random_negatives,random_negatives_1,same_fold,0,allertop,0.522869618913197,0.537956548765048,0.511737089201878
345,random_negatives,random_negatives_1,same_fold,0,allertopv2,0.580517819336627,0.573136207596541,0.511737089201878
346,random_negatives,random_negatives_1,same_fold,0,deepalgpro,0.642267995765702,0.610695830603258,0.511737089201878
347,random_negatives,random_negatives_1,same_fold,0,plm4alg,0.61929913549753,0.620292645327948,0.511737089201878
348,random_negatives,random_negatives_1,same_fold,0,rf_esm2,0.666504940014114,0.64197531640421,0.511737089201878
349,random_negatives,random_negatives_1,same_fold,0,rf_t5,0.658819248412138,0.639780361340139,0.511737089201878
350,random_negatives,random_negatives_1,same_fold,0,rf_xtrimopglm_100b,0.707204922371207,0.690361813028053,0.511737089201878
351,random_negatives,random_negatives_1,same_fold,0,rf_xtrimopglm_10b,0.691227064220184,0.664839853435414,0.511737089201878
352,random_negatives,random_negatives_2,algpred2_test,0,alg_mfdl,0.946434320800554,0.951085497349837,0.520416124837451
353,random_negatives,random_negatives_2,algpred2_test,0,algpred2,0.842515699850725,0.856067838431565,0.520416124837451
354,random_negatives,random_negatives_2,algpred2_test,0,allergenfp,0.524949293249254,0.539460636619676,0.520416124837451
355,random_negatives,random_negatives_2,algpred2_test,0,allertop,0.548152171202902,0.566313955136887,0.520416124837451
356,random_negatives,random_negatives_2,algpred2_test,0,allertopv2,0.586188196574164,0.608120084511349,0.520416124837451
357,random_negatives,random_negatives_2,algpred2_test,0,deepalgpro,0.806285848399011,0.760778767254141,0.520416124837451
358,random_negatives,random_negatives_2,algpred2_test,0,plm4alg,0.798064904640955,0.826350105998622,0.520416124837451
359,random_negatives,random_negatives_2,algpred2_test,0,rf_esm2,0.946765500113284,0.954675826625848,0.520416124837451
360,random_negatives,random_negatives_2,algpred2_test,0,rf_t5,0.953569581803458,0.963154287262453,0.520416124837451
361,random_negatives,random_negatives_2,algpred2_test,0,rf_xtrimopglm_100b,0.947637759211501,0.956197593758565,0.520416124837451
362,random_negatives,random_negatives_2,algpred2_test,0,rf_xtrimopglm_10b,0.894030750351505,0.908376945005148,0.520416124837451
363,random_negatives,random_negatives_2,bydate,0,alg_mfdl,0.930938440492476,0.216365980194781,0.0134952766531714
364,random_negatives,random_negatives_2,bydate,0,algpred2,0.88665389876881,0.323077744275985,0.0134952766531714
365,random_negatives,random_negatives_2,bydate,0,allergenfp,0.482243502051984,0.0128465715061406,0.0134952766531714
366,random_negatives,random_negatives_2,bydate,0,allertop,0.75159781121751,0.051573949907761,0.0134952766531714
367,random_negatives,random_negatives_2,bydate,0,allertopv2,0.661778385772914,0.027259646460602,0.0134952766531714
368,random_negatives,random_negatives_2,bydate,0,deepalgpro,0.855611491108071,0.0667949012070608,0.0134952766531714
369,random_negatives,random_negatives_2,bydate,0,plm4alg,0.838019151846785,0.225069637484794,0.0134952766531714
370,random_negatives,random_negatives_2,bydate,0,rf_esm2,0.92803830369357,0.447871277264236,0.0134952766531714
371,random_negatives,random_negatives_2,bydate,0,rf_t5,0.944850889192886,0.53941946255577,0.0134952766531714
372,random_negatives,random_negatives_2,bydate,0,rf_xtrimopglm_100b,0.893833105335157,0.472497908874304,0.0134952766531714
373,random_negatives,random_negatives_2,bydate,0,rf_xtrimopglm_10b,0.918021887824897,0.467216273474238,0.0134952766531714
374,random_negatives,random_negatives_2,homolog_A_curated,0,alg_mfdl,0.142857142857143,0.263833127636575,0.416666666666667
375,random_negatives,random_negatives_2,homolog_A_curated,0,algpred2,0.328571428571429,0.313808073449348,0.416666666666667
376,random_negatives,random_negatives_2,homolog_A_curated,0,allergenfp,0.514285714285714,0.42576680115458,0.416666666666667
377,random_negatives,random_negatives_2,homolog_A_curated,0,allertop,0.535714285714286,0.406098810581444,0.416666666666667
378,random_negatives,random_negatives_2,homolog_A_curated,0,allertopv2,0.521428571428571,0.427949711889254,0.416666666666667
379,random_negatives,random_negatives_2,homolog_A_curated,0,deepalgpro,0.635714285714286,0.456122202242466,0.416666666666667
380,random_negatives,random_negatives_2,homolog_A_curated,0,plm4alg,0.857142857142857,0.891584250171186,0.416666666666667
381,random_negatives,random_negatives_2,homolog_A_curated,0,rf_esm2,0.242857142857143,0.287326089556451,0.416666666666667
382,random_negatives,random_negatives_2,homolog_A_curated,0,rf_t5,0.192857142857143,0.276547908401764,0.416666666666667
383,random_negatives,random_negatives_2,homolog_A_curated,0,rf_xtrimopglm_100b,0.228571428571429,0.285039027793888,0.416666666666667
384,random_negatives,random_negatives_2,homolog_A_curated,0,rf_xtrimopglm_10b,0.257142857142857,0.298562653641291,0.416666666666667
385,random_negatives,random_negatives_2,homolog_C_curated,0,alg_mfdl,0.935996738687322,0.565417742666824,0.047008547008547
386,random_negatives,random_negatives_2,homolog_C_curated,0,algpred2,0.905625764370159,0.369513134823435,0.047008547008547
387,random_negatives,random_negatives_2,homolog_C_curated,0,allergenfp,0.54790052996331,0.0545494280902824,0.047008547008547
388,random_negatives,random_negatives_2,homolog_C_curated,0,allertop,0.51039543416225,0.0522194386463566,0.047008547008547
389,random_negatives,random_negatives_2,homolog_C_curated,0,allertopv2,0.639828781084386,0.0861992969377194,0.047008547008547
390,random_negatives,random_negatives_2,homolog_C_curated,0,deepalgpro,0.832450061149613,0.138282417322471,0.047008547008547
391,random_negatives,random_negatives_2,homolog_C_curated,0,plm4alg,0.822258459029759,0.116549157983011,0.047008547008547
392,random_negatives,random_negatives_2,homolog_C_curated,0,rf_esm2,0.848348960456584,0.174992001495078,0.047008547008547
393,random_negatives,random_negatives_2,homolog_C_curated,0,rf_t5,0.930900937627395,0.506001277546962,0.047008547008547
394,random_negatives,random_negatives_2,homolog_C_curated,0,rf_xtrimopglm_100b,0.914186710150836,0.23653037276364,0.047008547008547
395,random_negatives,random_negatives_2,homolog_C_curated,0,rf_xtrimopglm_10b,0.883408071748879,0.307399922379017,0.047008547008547
396,random_negatives,random_negatives_2,homolog_S_curated,0,alg_mfdl,0.888189448441247,0.362633352340811,0.0712694877505568
397,random_negatives,random_negatives_2,homolog_S_curated,0,algpred2,0.811937949640288,0.271786741197277,0.0712694877505568
398,random_negatives,random_negatives_2,homolog_S_curated,0,allergenfp,0.624325539568345,0.100242181311473,0.0712694877505568
399,random_negatives,random_negatives_2,homolog_S_curated,0,allertop,0.444357014388489,0.0596235750994018,0.0712694877505568
400,random_negatives,random_negatives_2,homolog_S_curated,0,allertopv2,0.518285371702638,0.0762812161695019,0.0712694877505568
401,random_negatives,random_negatives_2,homolog_S_curated,0,deepalgpro,0.731939448441247,0.115864336271939,0.0712694877505568
402,random_negatives,random_negatives_2,homolog_S_curated,0,plm4alg,0.88099520383693,0.28086255559912,0.0712694877505568
403,random_negatives,random_negatives_2,homolog_S_curated,0,rf_esm2,0.861323441247002,0.342504023864299,0.0712694877505568
404,random_negatives,random_negatives_2,homolog_S_curated,0,rf_t5,0.878634592326139,0.343972848326117,0.0712694877505568
405,random_negatives,random_negatives_2,homolog_S_curated,0,rf_xtrimopglm_100b,0.925247302158273,0.564515634107197,0.0712694877505568
406,random_negatives,random_negatives_2,homolog_S_curated,0,rf_xtrimopglm_10b,0.907673860911271,0.427711260560398,0.0712694877505568
407,random_negatives,random_negatives_2,homolog_T_curated,0,alg_mfdl,0.476392251815981,0.289229778993165,0.32183908045977
408,random_negatives,random_negatives_2,homolog_T_curated,0,algpred2,0.737893462469734,0.589013119790517,0.32183908045977
409,random_negatives,random_negatives_2,homolog_T_curated,0,allergenfp,0.462772397094431,0.301687862759619,0.32183908045977
410,random_negatives,random_negatives_2,homolog_T_curated,0,allertop,0.525423728813559,0.333333333333333,0.32183908045977
411,random_negatives,random_negatives_2,homolog_T_curated,0,allertopv2,0.508474576271186,0.325581395348837,0.32183908045977
412,random_negatives,random_negatives_2,homolog_T_curated,0,deepalgpro,0.529661016949153,0.325425184401187,0.32183908045977
413,random_negatives,random_negatives_2,homolog_T_curated,0,plm4alg,0.564769975786925,0.323217039677965,0.32183908045977
414,random_negatives,random_negatives_2,homolog_T_curated,0,rf_esm2,0.786622276029056,0.707909818312418,0.32183908045977
415,random_negatives,random_negatives_2,homolog_T_curated,0,rf_t5,0.857142857142857,0.798727892180192,0.32183908045977
416,random_negatives,random_negatives_2,homolog_T_curated,0,rf_xtrimopglm_100b,0.86319612590799,0.778501692535021,0.32183908045977
417,random_negatives,random_negatives_2,homolog_T_curated,0,rf_xtrimopglm_10b,0.810230024213075,0.641254871081347,0.32183908045977
418,random_negatives,random_negatives_2,mutations,0,alg_mfdl,0.488372093023256,0.31950413375051,0.338461538461538
419,random_negatives,random_negatives_2,mutations,0,algpred2,0.517441860465116,0.393520465996986,0.338461538461538
420,random_negatives,random_negatives_2,mutations,0,allergenfp,0.478329809725159,0.328355857811443,0.338461538461538
421,random_negatives,random_negatives_2,mutations,0,allertop,0.579809725158562,0.384896663526038,0.338461538461538
422,random_negatives,random_negatives_2,mutations,0,allertopv2,0.477801268498943,0.328360530415369,0.338461538461538
423,random_negatives,random_negatives_2,mutations,0,deepalgpro,0.380549682875264,0.284162978435022,0.338461538461538
424,random_negatives,random_negatives_2,mutations,0,plm4alg,0.72093023255814,0.603823112023381,0.338461538461538
425,random_negatives,random_negatives_2,mutations,0,rf_esm2,0.676532769556025,0.567563545281264,0.338461538461538
426,random_negatives,random_negatives_2,mutations,0,rf_t5,0.673890063424947,0.539979939027011,0.338461538461538
427,random_negatives,random_negatives_2,mutations,0,rf_xtrimopglm_100b,0.693974630021142,0.551981205553352,0.338461538461538
428,random_negatives,random_negatives_2,mutations,0,rf_xtrimopglm_10b,0.680761099365751,0.554808739902007,0.338461538461538
429,random_negatives,random_negatives_2,same_fold,0,alg_mfdl,0.664828863796754,0.680690038667331,0.511737089201878
430,random_negatives,random_negatives_2,same_fold,0,algpred2,0.614381175017643,0.619491356002372,0.511737089201878
431,random_negatives,random_negatives_2,same_fold,0,allergenfp,0.521766937191249,0.529249421474948,0.511737089201878
432,random_negatives,random_negatives_2,same_fold,0,allertop,0.516242501764291,0.526252935262551,0.511737089201878
433,random_negatives,random_negatives_2,same_fold,0,allertopv2,0.52787579393084,0.533310330006062,0.511737089201878
434,random_negatives,random_negatives_2,same_fold,0,deepalgpro,0.6414740649259,0.611603478486061,0.511737089201878
435,random_negatives,random_negatives_2,same_fold,0,plm4alg,0.582491619618913,0.599381657686299,0.511737089201878
436,random_negatives,random_negatives_2,same_fold,0,rf_esm2,0.638055751587862,0.631699972994717,0.511737089201878
437,random_negatives,random_negatives_2,same_fold,0,rf_t5,0.660065278757939,0.648026239946658,0.511737089201878
438,random_negatives,random_negatives_2,same_fold,0,rf_xtrimopglm_100b,0.683938338038109,0.671945335546895,0.511737089201878
439,random_negatives,random_negatives_2,same_fold,0,rf_xtrimopglm_10b,0.680883909668313,0.658972150711452,0.511737089201878
440,random_negatives,random_negatives_3,algpred2_test,0,alg_mfdl,0.928458222082018,0.92892369543454,0.520416124837451
441,random_negatives,random_negatives_3,algpred2_test,0,algpred2,0.802460754438399,0.828352375989919,0.520416124837451
442,random_negatives,random_negatives_3,algpred2_test,0,allergenfp,0.546136503331848,0.558047653610475,0.520416124837451
443,random_negatives,random_negatives_3,algpred2_test,0,allertop,0.560859618997443,0.577037376235894,0.520416124837451
444,random_negatives,random_negatives_3,algpred2_test,0,allertopv2,0.611590354497372,0.631699481411333,0.520416124837451
445,random_negatives,random_negatives_3,algpred2_test,0,deepalgpro,0.792801809507394,0.743094000640699,0.520416124837451
446,random_negatives,random_negatives_3,algpred2_test,0,plm4alg,0.81050066073254,0.841904609329217,0.520416124837451
447,random_negatives,random_negatives_3,algpred2_test,0,rf_esm2,0.943268468802475,0.952399173951626,0.520416124837451
448,random_negatives,random_negatives_3,algpred2_test,0,rf_t5,0.944544403503238,0.95193338428809,0.520416124837451
449,random_negatives,random_negatives_3,algpred2_test,0,rf_xtrimopglm_100b,0.906832240062181,0.916588206410113,0.520416124837451
450,random_negatives,random_negatives_3,algpred2_test,0,rf_xtrimopglm_10b,0.904085782488365,0.920834319893003,0.520416124837451
451,random_negatives,random_negatives_3,bydate,0,alg_mfdl,0.937274965800274,0.22515133199053,0.0134952766531714
452,random_negatives,random_negatives_3,bydate,0,algpred2,0.856128590971272,0.340093459797928,0.0134952766531714
453,random_negatives,random_negatives_3,bydate,0,allergenfp,0.534883720930233,0.015160670618606,0.0134952766531714
454,random_negatives,random_negatives_3,bydate,0,allertop,0.707203830369357,0.0442175322966899,0.0134952766531714
455,random_negatives,random_negatives_3,bydate,0,allertopv2,0.66547195622435,0.028052009177219,0.0134952766531714
456,random_negatives,random_negatives_3,bydate,0,deepalgpro,0.868180574555404,0.0700102518623366,0.0134952766531714
457,random_negatives,random_negatives_3,bydate,0,plm4alg,0.854363885088919,0.242254902702521,0.0134952766531714
458,random_negatives,random_negatives_3,bydate,0,rf_esm2,0.918489740082079,0.481682848030309,0.0134952766531714
459,random_negatives,random_negatives_3,bydate,0,rf_t5,0.931367989056088,0.517825789719059,0.0134952766531714
460,random_negatives,random_negatives_3,bydate,0,rf_xtrimopglm_100b,0.881274965800274,0.467086697727931,0.0134952766531714
461,random_negatives,random_negatives_3,bydate,0,rf_xtrimopglm_10b,0.936071135430917,0.496580411227893,0.0134952766531714
462,random_negatives,random_negatives_3,homolog_A_curated,0,alg_mfdl,0.271428571428571,0.297648340543824,0.416666666666667
463,random_negatives,random_negatives_3,homolog_A_curated,0,algpred2,0.128571428571429,0.263318852379465,0.416666666666667
464,random_negatives,random_negatives_3,homolog_A_curated,0,allergenfp,0.464285714285714,0.394245524006601,0.416666666666667
465,random_negatives,random_negatives_3,homolog_A_curated,0,allertop,0.535714285714286,0.406098810581444,0.416666666666667
466,random_negatives,random_negatives_3,homolog_A_curated,0,allertopv2,0.571428571428571,0.454545454545455,0.416666666666667
467,random_negatives,random_negatives_3,homolog_A_curated,0,deepalgpro,0.657142857142857,0.45875990213865,0.416666666666667
468,random_negatives,random_negatives_3,homolog_A_curated,0,plm4alg,0.764285714285714,0.610243178495183,0.416666666666667
469,random_negatives,random_negatives_3,homolog_A_curated,0,rf_esm2,0.185714285714286,0.273155847635286,0.416666666666667
470,random_negatives,random_negatives_3,homolog_A_curated,0,rf_t5,0.292857142857143,0.302879160044647,0.416666666666667
471,random_negatives,random_negatives_3,homolog_A_curated,0,rf_xtrimopglm_100b,0.185714285714286,0.276168919190972,0.416666666666667
472,random_negatives,random_negatives_3,homolog_A_curated,0,rf_xtrimopglm_10b,0.242857142857143,0.294081677908248,0.416666666666667
473,random_negatives,random_negatives_3,homolog_C_curated,0,alg_mfdl,0.883815735833673,0.186376216387861,0.047008547008547
474,random_negatives,random_negatives_3,homolog_C_curated,0,algpred2,0.909090909090909,0.415257633451452,0.047008547008547
475,random_negatives,random_negatives_3,homolog_C_curated,0,allergenfp,0.532205462698736,0.0517408913833996,0.047008547008547
476,random_negatives,random_negatives_3,homolog_C_curated,0,allertop,0.397472482674276,0.039597770266746,0.047008547008547
477,random_negatives,random_negatives_3,homolog_C_curated,0,allertopv2,0.5972278842234,0.0668894201286258,0.047008547008547
478,random_negatives,random_negatives_3,homolog_C_curated,0,deepalgpro,0.882185079494497,0.170832941592549,0.047008547008547
479,random_negatives,random_negatives_3,homolog_C_curated,0,plm4alg,0.834488381573583,0.132908462688338,0.047008547008547
480,random_negatives,random_negatives_3,homolog_C_curated,0,rf_esm2,0.875458622095393,0.247169573113337,0.047008547008547
481,random_negatives,random_negatives_3,homolog_C_curated,0,rf_t5,0.923359152058704,0.383502078583416,0.047008547008547
482,random_negatives,random_negatives_3,homolog_C_curated,0,rf_xtrimopglm_100b,0.906644924582144,0.210434398099049,0.047008547008547
483,random_negatives,random_negatives_3,homolog_C_curated,0,rf_xtrimopglm_10b,0.869955156950673,0.236609381437641,0.047008547008547
484,random_negatives,random_negatives_3,homolog_S_curated,0,alg_mfdl,0.875524580335731,0.33277764272998,0.0712694877505568
485,random_negatives,random_negatives_3,homolog_S_curated,0,algpred2,0.691809052757794,0.125946019533116,0.0712694877505568
486,random_negatives,random_negatives_3,homolog_S_curated,0,allergenfp,0.644671762589928,0.109589417385558,0.0712694877505568
487,random_negatives,random_negatives_3,homolog_S_curated,0,allertop,0.544626798561151,0.0841339001870504,0.0712694877505568
488,random_negatives,random_negatives_3,homolog_S_curated,0,allertopv2,0.490707434052758,0.0691104468150153,0.0712694877505568
489,random_negatives,random_negatives_3,homolog_S_curated,0,deepalgpro,0.796312949640288,0.149788738978286,0.0712694877505568
490,random_negatives,random_negatives_3,homolog_S_curated,0,plm4alg,0.898868405275779,0.287691294631343,0.0712694877505568
491,random_negatives,random_negatives_3,homolog_S_curated,0,rf_esm2,0.836780575539568,0.411450550419576,0.0712694877505568
492,random_negatives,random_negatives_3,homolog_S_curated,0,rf_t5,0.851656175059952,0.290151398782046,0.0712694877505568
493,random_negatives,random_negatives_3,homolog_S_curated,0,rf_xtrimopglm_100b,0.907673860911271,0.475992793415089,0.0712694877505568
494,random_negatives,random_negatives_3,homolog_S_curated,0,rf_xtrimopglm_10b,0.916254496402878,0.494186693908851,0.0712694877505568
495,random_negatives,random_negatives_3,homolog_T_curated,0,alg_mfdl,0.585956416464891,0.356595905065669,0.32183908045977
496,random_negatives,random_negatives_3,homolog_T_curated,0,algpred2,0.653450363196126,0.422191451073965,0.32183908045977
497,random_negatives,random_negatives_3,homolog_T_curated,0,allergenfp,0.461864406779661,0.300687674038105,0.32183908045977
498,random_negatives,random_negatives_3,homolog_T_curated,0,allertop,0.542372881355932,0.341463414634146,0.32183908045977
499,random_negatives,random_negatives_3,homolog_T_curated,0,allertopv2,0.5,0.32183908045977,0.32183908045977
500,random_negatives,random_negatives_3,homolog_T_curated,0,deepalgpro,0.63680387409201,0.398996492887908,0.32183908045977
501,random_negatives,random_negatives_3,homolog_T_curated,0,plm4alg,0.541162227602906,0.309952296395881,0.32183908045977
502,random_negatives,random_negatives_3,homolog_T_curated,0,rf_esm2,0.772699757869249,0.670092012004182,0.32183908045977
503,random_negatives,random_negatives_3,homolog_T_curated,0,rf_t5,0.843220338983051,0.778064203028203,0.32183908045977
504,random_negatives,random_negatives_3,homolog_T_curated,0,rf_xtrimopglm_100b,0.865617433414044,0.763637210862307,0.32183908045977
505,random_negatives,random_negatives_3,homolog_T_curated,0,rf_xtrimopglm_10b,0.811440677966102,0.613847283765479,0.32183908045977
506,random_negatives,random_negatives_3,mutations,0,alg_mfdl,0.411205073995772,0.28126302181746,0.338461538461538
507,random_negatives,random_negatives_3,mutations,0,algpred2,0.524841437632135,0.399307640622651,0.338461538461538
508,random_negatives,random_negatives_3,mutations,0,allergenfp,0.468287526427061,0.322737144402364,0.338461538461538
509,random_negatives,random_negatives_3,mutations,0,allertop,0.572938689217759,0.382105649709633,0.338461538461538
510,random_negatives,random_negatives_3,mutations,0,allertopv2,0.500528541226216,0.338703949076306,0.338461538461538
511,random_negatives,random_negatives_3,mutations,0,deepalgpro,0.353065539112051,0.266318418686689,0.338461538461538
512,random_negatives,random_negatives_3,mutations,0,plm4alg,0.73784355179704,0.611652788209167,0.338461538461538
513,random_negatives,random_negatives_3,mutations,0,rf_esm2,0.68446088794926,0.558032625164085,0.338461538461538
514,random_negatives,random_negatives_3,mutations,0,rf_t5,0.706131078224101,0.56883533761052,0.338461538461538
515,random_negatives,random_negatives_3,mutations,0,rf_xtrimopglm_100b,0.688689217758985,0.522444245975187,0.338461538461538
516,random_negatives,random_negatives_3,mutations,0,rf_xtrimopglm_10b,0.707716701902748,0.570069168776616,0.338461538461538
517,random_negatives,random_negatives_3,same_fold,0,alg_mfdl,0.618780875088215,0.623570591884517,0.511737089201878
518,random_negatives,random_negatives_3,same_fold,0,algpred2,0.615561044460127,0.627679984561588,0.511737089201878
519,random_negatives,random_negatives_3,same_fold,0,allergenfp,0.550613091037403,0.555258244228705,0.511737089201878
520,random_negatives,random_negatives_3,same_fold,0,allertop,0.56144142554693,0.588299994714234,0.511737089201878
521,random_negatives,random_negatives_3,same_fold,0,allertopv2,0.579547459421313,0.576423985764923,0.511737089201878
522,random_negatives,random_negatives_3,same_fold,0,deepalgpro,0.609606563161609,0.578332970085395,0.511737089201878
523,random_negatives,random_negatives_3,same_fold,0,plm4alg,0.596462597035992,0.606488593623568,0.511737089201878
524,random_negatives,random_negatives_3,same_fold,0,rf_esm2,0.634064043754411,0.62335191143912,0.511737089201878
525,random_negatives,random_negatives_3,same_fold,0,rf_t5,0.610444601270289,0.597561661715177,0.511737089201878
526,random_negatives,random_negatives_3,same_fold,0,rf_xtrimopglm_100b,0.68686044460127,0.667771798897729,0.511737089201878
527,random_negatives,random_negatives_3,same_fold,0,rf_xtrimopglm_10b,0.673892907551164,0.637835619108869,0.511737089201878
528,random_negatives,random_negatives_4,algpred2_test,0,alg_mfdl,0.940324848421776,0.941845443456322,0.520416124837451
529,random_negatives,random_negatives_4,algpred2_test,0,algpred2,0.819335858101318,0.845299355896409,0.520416124837451
530,random_negatives,random_negatives_4,algpred2_test,0,allergenfp,0.532032519531991,0.548063958076938,0.520416124837451
531,random_negatives,random_negatives_4,algpred2_test,0,allertop,0.618657861958392,0.620645565031178,0.520416124837451
532,random_negatives,random_negatives_4,algpred2_test,0,allertopv2,0.655861196299898,0.678161972400839,0.520416124837451
533,random_negatives,random_negatives_4,algpred2_test,0,deepalgpro,0.779297715567379,0.716237514304799,0.520416124837451
534,random_negatives,random_negatives_4,algpred2_test,0,plm4alg,0.88928962850462,0.887778596485057,0.520416124837451
535,random_negatives,random_negatives_4,algpred2_test,0,rf_esm2,0.940593694475972,0.95029300122769,0.520416124837451
536,random_negatives,random_negatives_4,algpred2_test,0,rf_t5,0.940925415817037,0.955080574158198,0.520416124837451
537,random_negatives,random_negatives_4,algpred2_test,0,rf_xtrimopglm_100b,0.939183065733944,0.949449924276902,0.520416124837451
538,random_negatives,random_negatives_4,algpred2_test,0,rf_xtrimopglm_10b,0.889125935947428,0.909742419220593,0.520416124837451
539,random_negatives,random_negatives_4,bydate,0,alg_mfdl,0.924875512995896,0.283131289408069,0.0134952766531714
540,random_negatives,random_negatives_4,bydate,0,algpred2,0.915819425444596,0.360920667618399,0.0134952766531714
541,random_negatives,random_negatives_4,bydate,0,allergenfp,0.597154582763338,0.0197234746052152,0.0134952766531714
542,random_negatives,random_negatives_4,bydate,0,allertop,0.742443228454172,0.0439463031775486,0.0134952766531714
543,random_negatives,random_negatives_4,bydate,0,allertopv2,0.656963064295486,0.0282432981955696,0.0134952766531714
544,random_negatives,random_negatives_4,bydate,0,deepalgpro,0.894008207934337,0.0898107282643122,0.0134952766531714
545,random_negatives,random_negatives_4,bydate,0,plm4alg,0.893518467852257,0.148722950277847,0.0134952766531714
546,random_negatives,random_negatives_4,bydate,0,rf_esm2,0.916790697674419,0.476474921821233,0.0134952766531714
547,random_negatives,random_negatives_4,bydate,0,rf_t5,0.931398084815321,0.511324914948858,0.0134952766531714
548,random_negatives,random_negatives_4,bydate,0,rf_xtrimopglm_100b,0.894046511627907,0.481313668638287,0.0134952766531714
549,random_negatives,random_negatives_4,bydate,0,rf_xtrimopglm_10b,0.928744186046512,0.517095104445663,0.0134952766531714
550,random_negatives,random_negatives_4,homolog_A_curated,0,alg_mfdl,0.228571428571429,0.284278888618001,0.416666666666667
551,random_negatives,random_negatives_4,homolog_A_curated,0,algpred2,0.0714285714285714,0.252737498530286,0.416666666666667
552,random_negatives,random_negatives_4,homolog_A_curated,0,allergenfp,0.585714285714286,0.479543145370663,0.416666666666667
553,random_negatives,random_negatives_4,homolog_A_curated,0,allertop,0.6,0.481916757020697,0.416666666666667
554,random_negatives,random_negatives_4,homolog_A_curated,0,allertopv2,0.592857142857143,0.470611733996561,0.416666666666667
555,random_negatives,random_negatives_4,homolog_A_curated,0,deepalgpro,0.657142857142857,0.462853241673486,0.416666666666667
556,random_negatives,random_negatives_4,homolog_A_curated,0,plm4alg,0.464285714285714,0.366980492978444,0.416666666666667
557,random_negatives,random_negatives_4,homolog_A_curated,0,rf_esm2,0.178571428571429,0.271277394280257,0.416666666666667
558,random_negatives,random_negatives_4,homolog_A_curated,0,rf_t5,0.257142857142857,0.293604353318053,0.416666666666667
559,random_negatives,random_negatives_4,homolog_A_curated,0,rf_xtrimopglm_100b,0.289285714285714,0.30244131663167,0.416666666666667
560,random_negatives,random_negatives_4,homolog_A_curated,0,rf_xtrimopglm_10b,0.242857142857143,0.294081677908248,0.416666666666667
561,random_negatives,random_negatives_4,homolog_C_curated,0,alg_mfdl,0.871585813289849,0.156950914389804,0.047008547008547
562,random_negatives,random_negatives_4,homolog_C_curated,0,algpred2,0.923766816143498,0.459519490078206,0.047008547008547
563,random_negatives,random_negatives_4,homolog_C_curated,0,allergenfp,0.537301263758663,0.0520619724253494,0.047008547008547
564,random_negatives,random_negatives_4,homolog_C_curated,0,allertop,0.391357521402364,0.0359672074969536,0.047008547008547
565,random_negatives,random_negatives_4,homolog_C_curated,0,allertopv2,0.603954341622503,0.0691924844539177,0.047008547008547
566,random_negatives,random_negatives_4,homolog_C_curated,0,deepalgpro,0.884631064003261,0.167487098848262,0.047008547008547
567,random_negatives,random_negatives_4,homolog_C_curated,0,plm4alg,0.841826335099878,0.14097433159339,0.047008547008547
568,random_negatives,random_negatives_4,homolog_C_curated,0,rf_esm2,0.852833265389319,0.243024298367994,0.047008547008547
569,random_negatives,random_negatives_4,homolog_C_curated,0,rf_t5,0.892988177741541,0.345205484074344,0.047008547008547
570,random_negatives,random_negatives_4,homolog_C_curated,0,rf_xtrimopglm_100b,0.918467183041174,0.241046116848379,0.047008547008547
571,random_negatives,random_negatives_4,homolog_C_curated,0,rf_xtrimopglm_10b,0.84794129637179,0.214170224036777,0.047008547008547
572,random_negatives,random_negatives_4,homolog_S_curated,0,alg_mfdl,0.922137290167866,0.431246245299858,0.0712694877505568
573,random_negatives,random_negatives_4,homolog_S_curated,0,algpred2,0.779976019184652,0.312844494319784,0.0712694877505568
574,random_negatives,random_negatives_4,homolog_S_curated,0,allergenfp,0.626648681055156,0.103759613149831,0.0712694877505568
575,random_negatives,random_negatives_4,homolog_S_curated,0,allertop,0.599145683453237,0.104389379311363,0.0712694877505568
576,random_negatives,random_negatives_4,homolog_S_curated,0,allertopv2,0.597646882494005,0.101473469442451,0.0712694877505568
577,random_negatives,random_negatives_4,homolog_S_curated,0,deepalgpro,0.761765587529976,0.129538013625441,0.0712694877505568
578,random_negatives,random_negatives_4,homolog_S_curated,0,plm4alg,0.814148681055156,0.179722734935466,0.0712694877505568
579,random_negatives,random_negatives_4,homolog_S_curated,0,rf_esm2,0.883168465227818,0.449518156388993,0.0712694877505568
580,random_negatives,random_negatives_4,homolog_S_curated,0,rf_t5,0.866681654676259,0.312927171400786,0.0712694877505568
581,random_negatives,random_negatives_4,homolog_S_curated,0,rf_xtrimopglm_100b,0.907898681055156,0.546038822500281,0.0712694877505568
582,random_negatives,random_negatives_4,homolog_S_curated,0,rf_xtrimopglm_10b,0.916067146282974,0.459976765157176,0.0712694877505568
583,random_negatives,random_negatives_4,homolog_T_curated,0,alg_mfdl,0.688861985472155,0.430708150526508,0.32183908045977
584,random_negatives,random_negatives_4,homolog_T_curated,0,algpred2,0.63680387409201,0.423755024559362,0.32183908045977
585,random_negatives,random_negatives_4,homolog_T_curated,0,allergenfp,0.348062953995157,0.249096785444079,0.32183908045977
586,random_negatives,random_negatives_4,homolog_T_curated,0,allertop,0.542372881355932,0.341463414634146,0.32183908045977
587,random_negatives,random_negatives_4,homolog_T_curated,0,allertopv2,0.508474576271186,0.325581395348837,0.32183908045977
588,random_negatives,random_negatives_4,homolog_T_curated,0,deepalgpro,0.48910411622276,0.289418775777857,0.32183908045977
589,random_negatives,random_negatives_4,homolog_T_curated,0,plm4alg,0.507869249394673,0.325306015865762,0.32183908045977
590,random_negatives,random_negatives_4,homolog_T_curated,0,rf_esm2,0.680992736077482,0.556296243489289,0.32183908045977
591,random_negatives,random_negatives_4,homolog_T_curated,0,rf_t5,0.836259079903148,0.767123620743082,0.32183908045977
592,random_negatives,random_negatives_4,homolog_T_curated,0,rf_xtrimopglm_100b,0.869249394673123,0.785845913642004,0.32183908045977
593,random_negatives,random_negatives_4,homolog_T_curated,0,rf_xtrimopglm_10b,0.819309927360775,0.711350232620237,0.32183908045977
594,random_negatives,random_negatives_4,mutations,0,alg_mfdl,0.531712473572939,0.340664834785252,0.338461538461538
595,random_negatives,random_negatives_4,mutations,0,algpred2,0.523255813953488,0.388049750233325,0.338461538461538
596,random_negatives,random_negatives_4,mutations,0,allergenfp,0.444503171247357,0.312614159548356,0.338461538461538
597,random_negatives,random_negatives_4,mutations,0,allertop,0.586680761099366,0.382340046662467,0.338461538461538
598,random_negatives,random_negatives_4,mutations,0,allertopv2,0.477801268498943,0.328360530415369,0.338461538461538
599,random_negatives,random_negatives_4,mutations,0,deepalgpro,0.384778012684989,0.27307147452956,0.338461538461538
600,random_negatives,random_negatives_4,mutations,0,plm4alg,0.498414376321353,0.338468197327432,0.338461538461538
601,random_negatives,random_negatives_4,mutations,0,rf_esm2,0.6723044397463,0.52604300452115,0.338461538461538
602,random_negatives,random_negatives_4,mutations,0,rf_t5,0.691860465116279,0.535753879185355,0.338461538461538
603,random_negatives,random_negatives_4,mutations,0,rf_xtrimopglm_100b,0.700317124735729,0.562258227600149,0.338461538461538
604,random_negatives,random_negatives_4,mutations,0,rf_xtrimopglm_10b,0.712473572938689,0.570392602223282,0.338461538461538
605,random_negatives,random_negatives_4,same_fold,0,alg_mfdl,0.659734474241355,0.663259905870136,0.511737089201878
606,random_negatives,random_negatives_4,same_fold,0,algpred2,0.617689220183486,0.622492220321501,0.511737089201878
607,random_negatives,random_negatives_4,same_fold,0,allergenfp,0.537821983062809,0.542091837917417,0.511737089201878
608,random_negatives,random_negatives_4,same_fold,0,allertop,0.499702275935074,0.525115680152936,0.511737089201878
609,random_negatives,random_negatives_4,same_fold,0,allertopv2,0.561838390966831,0.55837178703109,0.511737089201878
610,random_negatives,random_negatives_4,same_fold,0,deepalgpro,0.620192307692308,0.595550666218406,0.511737089201878
611,random_negatives,random_negatives_4,same_fold,0,plm4alg,0.628495501058574,0.592875832902719,0.511737089201878
612,random_negatives,random_negatives_4,same_fold,0,rf_esm2,0.643469918842625,0.627652688561384,0.511737089201878
613,random_negatives,random_negatives_4,same_fold,0,rf_t5,0.651574629498941,0.642621237853831,0.511737089201878
614,random_negatives,random_negatives_4,same_fold,0,rf_xtrimopglm_100b,0.685779816513762,0.673711004827611,0.511737089201878
615,random_negatives,random_negatives_4,same_fold,0,rf_xtrimopglm_10b,0.685096153846154,0.650374415253821,0.511737089201878
